{
    "en": {
        "greeting": "Hi, I'm Maven and I'm here to help. Before I get you to one of our counselors, what's your name?",
        "name_prompt": "What's your name?",
        "email_prompt": "What's your email address?",
        "phone_prompt": "What's your phone number?",
        "dropdown_prompt": "How can we help you today?",
        "message_prompt": "Please tell us more about your inquiry:",
        "confirmation": "Awesome, we will be in touch soon. If you need to call us now, our number is: (866)9284248",
        "interruption_response": "Great question! Unfortunately, I'm a robot so I am pre-programmed to get you to a human. Can you please answer these questions for me for faster, more efficient service?",
        "yes": "Yes",
        "submit": "Submit",
        "send": "Send",
        "typing": "Maven is typing...",
        "success_title": "Success!",
        "success_message": "Your information has been submitted successfully!",
        "contact_info": "We'll be in touch soon. For immediate assistance, call us at (866)9284248",
        "placeholder_name": "Enter your name",
        "placeholder_email": "Enter your email",
        "placeholder_phone": "Enter your phone number",
        "placeholder_message": "Type your message here...",
        "select_option": "Select an option",
        "chat_title": "Maven",
        "status_online": "Online",
        "language_toggle": "ES"
    },
    "es": {
        "greeting": "Hola, soy Maven y estoy aquí para ayudarte. Antes de conectarte con uno de nuestros consejeros, ¿cuál es tu nombre?",
        "name_prompt": "¿Cuál es tu nombre?",
        "email_prompt": "¿Cuál es tu dirección de correo electrónico?",
        "phone_prompt": "¿Cuál es tu número de teléfono?",
        "dropdown_prompt": "¿Cómo podemos ayudarte hoy?",
        "message_prompt": "Por favor, cuéntanos más sobre tu consulta:",
        "confirmation": "Excelente, nos pondremos en contacto pronto. Si necesitas llamarnos ahora, nuestro número es: (866)9284248",
        "interruption_response": "¡Excelente pregunta! Desafortunadamente, soy un robot, así que estoy preprogramado para conectarte con un humano. ¿Puedes responder estas preguntas por favor para un servicio más rápido y eficiente?",
        "yes": "Sí",
        "submit": "Enviar",
        "send": "Enviar",
        "typing": "Maven está escribiendo...",
        "success_title": "¡Éxito!",
        "success_message": "¡Tu información ha sido enviada exitosamente!",
        "contact_info": "Nos pondremos en contacto pronto. Para asistencia inmediata, llámanos al (866)9284248",
        "placeholder_name": "Ingresa tu nombre",
        "placeholder_email": "Ingresa tu correo electrónico",
        "placeholder_phone": "Ingresa tu número de teléfono",
        "placeholder_message": "Escribe tu mensaje aquí...",
        "select_option": "Selecciona una opción",
        "chat_title": "Maven",
        "status_online": "En línea",
        "language_toggle": "EN"
    }
}
